slug,question,answer
Selena_Gomez,When was Selena Gomez born?,Selena Gomez was born in 1992.
Selena_Gomez,What does Selena Gomez do?,Selena Gomez works as a singer.
Selena_Gomez,Where was Selena Gomez born?,"Selena Gomez was born in Grand Prairie, Texas."
Ariana_Grande,When was Ariana Grande born?,Ariana Grande was born in 1993.
Ariana_Grande,What does Ariana Grande do?,Ariana Grande works as a singer.
Ariana_Grande,Where was Ariana Grande born?,"Ariana Grande was born in Boca Raton, Florida."
Gigi_Hadid,When was Gigi Hadid born?,Gigi Hadid was born in 1995.
Gigi_Hadid,What does Gigi Hadid do?,Gigi Hadid works as a model.
Gigi_Hadid,Where was Gigi Hadid born?,Gigi Hadid was born in Los Angeles.
Miley_Cyrus,When was Miley Cyrus born?,Miley Cyrus was born in 1992.
Miley_Cyrus,What does Miley Cyrus do?,Miley Cyrus works as a singer.
Miley_Cyrus,Where was Miley Cyrus born?,"Miley Cyrus was born in Franklin, Tennessee."
Billie_Eilish,When was Billie Eilish born?,Billie Eilish was born in 2001.
Billie_Eilish,What does Billie Eilish do?,Billie Eilish works as a singer.
Billie_Eilish,Where was Billie Eilish born?,Billie Eilish was born in Los Angeles.
Halsey_(singer),When was Halsey born?,Halsey was born in 1994.
Halsey_(singer),What does Halsey do?,Halsey works as a singer.
Halsey_(singer),Where was Halsey born?,"Halsey was born in Edison, New Jersey."
Kylie_Jenner,When was Kylie Jenner born?,Kylie Jenner was born in 1997.
Kylie_Jenner,What does Kylie Jenner do?,Kylie Jenner works as a model.
Kylie_Jenner,Where was Kylie Jenner born?,Kylie Jenner was born in Los Angeles.
Dakota_Fanning,When was Dakota Fanning born?,Dakota Fanning was born in 1994.
Dakota_Fanning,What does Dakota Fanning do?,Dakota Fanning works as a actor.
Dakota_Fanning,Where was Dakota Fanning born?,"Dakota Fanning was born in Conyers, Georgia."
Demi_Lovato,When was Demi Lovato born?,Demi Lovato was born in 1992.
Demi_Lovato,What does Demi Lovato do?,Demi Lovato works as a singer.
Demi_Lovato,Where was Demi Lovato born?,"Demi Lovato was born in Albuquerque, New Mexico."
Emma_Roberts,When was Emma Roberts born?,Emma Roberts was born in 1991.
Emma_Roberts,What does Emma Roberts do?,Emma Roberts works as a actor.
Emma_Roberts,Where was Emma Roberts born?,"Emma Roberts was born in Rhinebeck (village), New York."
Kendall_Jenner,When was Kendall Jenner born?,Kendall Jenner was born in 1995.
Kendall_Jenner,What does Kendall Jenner do?,Kendall Jenner works as a model.
Kendall_Jenner,Where was Kendall Jenner born?,Kendall Jenner was born in Los Angeles.
Zendaya,When was Zendaya born?,Zendaya was born in 1996.
Zendaya,What does Zendaya do?,Zendaya works as a actor.
Zendaya,Where was Zendaya born?,"Zendaya was born in Oakland, California."
Shailene_Woodley,When was Shailene Woodley born?,Shailene Woodley was born in 1991.
Shailene_Woodley,What does Shailene Woodley do?,Shailene Woodley works as a actor.
Shailene_Woodley,Where was Shailene Woodley born?,"Shailene Woodley was born in San Bernardino, California."
Saoirse_Ronan,When was Saoirse Ronan born?,Saoirse Ronan was born in 1994.
Saoirse_Ronan,What does Saoirse Ronan do?,Saoirse Ronan works as a actor.
Saoirse_Ronan,Where was Saoirse Ronan born?,Saoirse Ronan was born in New York City.
Chloë_Grace_Moretz,When was Chloë Grace Moretz born?,Chloë Grace Moretz was born in 1997.
Chloë_Grace_Moretz,What does Chloë Grace Moretz do?,Chloë Grace Moretz works as a actor.
Chloë_Grace_Moretz,Where was Chloë Grace Moretz born?,Chloë Grace Moretz was born in Atlanta.
Cardi_B,When was Cardi B born?,Cardi B was born in 1992.
Cardi_B,What does Cardi B do?,Cardi B works as a actor.
Cardi_B,Where was Cardi B born?,Cardi B was born in New York City.
Joey_King,When was Joey King born?,Joey King was born in 1999.
Joey_King,What does Joey King do?,Joey King works as a actor.
Joey_King,Where was Joey King born?,Joey King was born in Los Angeles.
Sabrina_Carpenter,When was Sabrina Carpenter born?,Sabrina Carpenter was born in 1999.
Sabrina_Carpenter,What does Sabrina Carpenter do?,Sabrina Carpenter works as a actor.
Sabrina_Carpenter,Where was Sabrina Carpenter born?,Sabrina Carpenter was born in Lehigh Valley.
Elizabeth_Gillies,When was Elizabeth Gillies born?,Elizabeth Gillies was born in 1993.
Elizabeth_Gillies,What does Elizabeth Gillies do?,Elizabeth Gillies works as a actor.
Elizabeth_Gillies,Where was Elizabeth Gillies born?,"Elizabeth Gillies was born in Haworth, New Jersey."
Elle_Fanning,When was Elle Fanning born?,Elle Fanning was born in 1998.
Elle_Fanning,What does Elle Fanning do?,Elle Fanning works as a actor.
Elle_Fanning,Where was Elle Fanning born?,"Elle Fanning was born in Conyers, Georgia."
Bella_Thorne,When was Bella Thorne born?,Bella Thorne was born in 1997.
Bella_Thorne,What does Bella Thorne do?,Bella Thorne works as a actor.
Bella_Thorne,Where was Bella Thorne born?,"Bella Thorne was born in Pembroke Pines, Florida."
Taylor_Momsen,When was Taylor Momsen born?,Taylor Momsen was born in 1993.
Taylor_Momsen,What does Taylor Momsen do?,Taylor Momsen works as a actor.
Taylor_Momsen,Where was Taylor Momsen born?,Taylor Momsen was born in St. Louis.
Camila_Mendes,When was Camila Mendes born?,Camila Mendes was born in 1994.
Camila_Mendes,What does Camila Mendes do?,Camila Mendes works as a actor.
Camila_Mendes,Where was Camila Mendes born?,"Camila Mendes was born in Charlottesville, Virginia."
Maddie_Ziegler,When was Maddie Ziegler born?,Maddie Ziegler was born in 2002.
Maddie_Ziegler,What does Maddie Ziegler do?,Maddie Ziegler works as a actor.
Maddie_Ziegler,Where was Maddie Ziegler born?,Maddie Ziegler was born in Pittsburgh.
Sofia_Carson,When was Sofia Carson born?,Sofia Carson was born in 1993.
Sofia_Carson,What does Sofia Carson do?,Sofia Carson works as a actor.
Sofia_Carson,Where was Sofia Carson born?,"Sofia Carson was born in Fort Lauderdale, Florida."
Dove_Cameron,When was Dove Cameron born?,Dove Cameron was born in 1996.
Dove_Cameron,What does Dove Cameron do?,Dove Cameron works as a actor.
Dove_Cameron,Where was Dove Cameron born?,Dove Cameron was born in Seattle.
Ava_Max,When was Ava Max born?,Ava Max was born in 1994.
Ava_Max,What does Ava Max do?,Ava Max works as a singer.
Ava_Max,Where was Ava Max born?,Ava Max was born in Milwaukee.
Victoria_Justice,When was Victoria Justice born?,Victoria Justice was born in 1993.
Victoria_Justice,What does Victoria Justice do?,Victoria Justice works as a actor.
Victoria_Justice,Where was Victoria Justice born?,"Victoria Justice was born in Hollywood, Florida."
Madelaine_Petsch,When was Madelaine Petsch born?,Madelaine Petsch was born in 1994.
Madelaine_Petsch,What does Madelaine Petsch do?,Madelaine Petsch works as a actor.
Madelaine_Petsch,Where was Madelaine Petsch born?,"Madelaine Petsch was born in Port Orchard, Washington."
Lili_Reinhart,When was Lili Reinhart born?,Lili Reinhart was born in 1996.
Lili_Reinhart,What does Lili Reinhart do?,Lili Reinhart works as a actor.
Lili_Reinhart,Where was Lili Reinhart born?,Lili Reinhart was born in Cleveland.
Miranda_Cosgrove,When was Miranda Cosgrove born?,Miranda Cosgrove was born in 1993.
Miranda_Cosgrove,What does Miranda Cosgrove do?,Miranda Cosgrove works as a actor.
Miranda_Cosgrove,Where was Miranda Cosgrove born?,Miranda Cosgrove was born in Los Angeles.
Abigail_Breslin,When was Abigail Breslin born?,Abigail Breslin was born in 1996.
Abigail_Breslin,What does Abigail Breslin do?,Abigail Breslin works as a actor.
Abigail_Breslin,Where was Abigail Breslin born?,Abigail Breslin was born in New York City.
Bella_Hadid,When was Bella Hadid born?,Bella Hadid was born in 1996.
Bella_Hadid,What does Bella Hadid do?,Bella Hadid works as a model.
Bella_Hadid,Where was Bella Hadid born?,"Bella Hadid was born in Washington, D.C.."
Debby_Ryan,When was Debby Ryan born?,Debby Ryan was born in 1993.
Debby_Ryan,What does Debby Ryan do?,Debby Ryan works as a actor.
Debby_Ryan,Where was Debby Ryan born?,"Debby Ryan was born in Huntsville, Alabama."
AnnaSophia_Robb,When was AnnaSophia Robb born?,AnnaSophia Robb was born in 1993.
AnnaSophia_Robb,What does AnnaSophia Robb do?,AnnaSophia Robb works as a actor.
AnnaSophia_Robb,Where was AnnaSophia Robb born?,AnnaSophia Robb was born in Denver.
Hailee_Steinfeld,When was Hailee Steinfeld born?,Hailee Steinfeld was born in 1996.
Hailee_Steinfeld,What does Hailee Steinfeld do?,Hailee Steinfeld works as a actor.
Hailee_Steinfeld,Where was Hailee Steinfeld born?,"Hailee Steinfeld was born in Tarzana, Los Angeles."
Willa_Holland,When was Willa Holland born?,Willa Holland was born in 1991.
Willa_Holland,What does Willa Holland do?,Willa Holland works as a actor.
Willa_Holland,Where was Willa Holland born?,Willa Holland was born in Los Angeles.
Jennette_McCurdy,When was Jennette McCurdy born?,Jennette McCurdy was born in 1992.
Jennette_McCurdy,What does Jennette McCurdy do?,Jennette McCurdy works as a actor.
Jennette_McCurdy,Where was Jennette McCurdy born?,"Jennette McCurdy was born in Long Beach, California."
Taissa_Farmiga,When was Taissa Farmiga born?,Taissa Farmiga was born in 1994.
Taissa_Farmiga,What does Taissa Farmiga do?,Taissa Farmiga works as a actor.
Taissa_Farmiga,Where was Taissa Farmiga born?,"Taissa Farmiga was born in Whitehouse Station, New Jersey."
Molly_Quinn,When was Molly Quinn born?,Molly Quinn was born in 1993.
Molly_Quinn,What does Molly Quinn do?,Molly Quinn works as a actor.
Molly_Quinn,Where was Molly Quinn born?,"Molly Quinn was born in Texarkana, Texas."
Mackenzie_Foy,When was Mackenzie Foy born?,Mackenzie Foy was born in 2000.
Mackenzie_Foy,What does Mackenzie Foy do?,Mackenzie Foy works as a actor.
Mackenzie_Foy,Where was Mackenzie Foy born?,Mackenzie Foy was born in Los Angeles.
Becky_G,When was Becky G born?,Becky G was born in 1997.
Becky_G,What does Becky G do?,Becky G works as a singer.
Becky_G,Where was Becky G born?,"Becky G was born in Inglewood, California."
Kate_Upton,When was Kate Upton born?,Kate Upton was born in 1992.
Kate_Upton,What does Kate Upton do?,Kate Upton works as a model.
Kate_Upton,Where was Kate Upton born?,"Kate Upton was born in St. Joseph, Michigan."
Tiffany_Trump,When was Tiffany Trump born?,Tiffany Trump was born in 1993.
Tiffany_Trump,What does Tiffany Trump do?,Tiffany Trump works as a singer.
Tiffany_Trump,Where was Tiffany Trump born?,"Tiffany Trump was born in West Palm Beach, Florida."
Natalia_Dyer,When was Natalia Dyer born?,Natalia Dyer was born in 1995.
Natalia_Dyer,What does Natalia Dyer do?,Natalia Dyer works as a actor.
Natalia_Dyer,Where was Natalia Dyer born?,"Natalia Dyer was born in Nashville, Tennessee."
Emily_Osment,When was Emily Osment born?,Emily Osment was born in 1992.
Emily_Osment,What does Emily Osment do?,Emily Osment works as a actor.
Emily_Osment,Where was Emily Osment born?,Emily Osment was born in Los Angeles.
Jamie_Lynn_Spears,When was Jamie Lynn Spears born?,Jamie Lynn Spears was born in 1991.
Jamie_Lynn_Spears,What does Jamie Lynn Spears do?,Jamie Lynn Spears works as a actor.
Jamie_Lynn_Spears,Where was Jamie Lynn Spears born?,"Jamie Lynn Spears was born in McComb, Mississippi."
Simone_Biles,When was Simone Biles born?,Simone Biles was born in 1997.
Simone_Biles,What does Simone Biles do?,Simone Biles works as a gymnast.
Simone_Biles,Where was Simone Biles born?,"Simone Biles was born in Columbus, Ohio."
Anya_Taylor-Joy,When was Anya Taylor-Joy born?,Anya Taylor-Joy was born in 1996.
Anya_Taylor-Joy,What does Anya Taylor-Joy do?,Anya Taylor-Joy works as a actor.
Anya_Taylor-Joy,Where was Anya Taylor-Joy born?,Anya Taylor-Joy was born in Miami.
Nicola_Peltz,When was Nicola Peltz born?,Nicola Peltz was born in 1995.
Nicola_Peltz,What does Nicola Peltz do?,Nicola Peltz works as a actor.
Nicola_Peltz,Where was Nicola Peltz born?,"Nicola Peltz was born in Westchester County, New York."
Mikaela_Shiffrin,When was Mikaela Shiffrin born?,Mikaela Shiffrin was born in 1995.
Mikaela_Shiffrin,What does Mikaela Shiffrin do?,Mikaela Shiffrin works as a skier.
Mikaela_Shiffrin,Where was Mikaela Shiffrin born?,"Mikaela Shiffrin was born in Vail, Colorado."
Isabelle_Fuhrman,When was Isabelle Fuhrman born?,Isabelle Fuhrman was born in 1997.
Isabelle_Fuhrman,What does Isabelle Fuhrman do?,Isabelle Fuhrman works as a actor.
Isabelle_Fuhrman,Where was Isabelle Fuhrman born?,"Isabelle Fuhrman was born in Washington, D.C.."
Kiernan_Shipka,When was Kiernan Shipka born?,Kiernan Shipka was born in 1999.
Kiernan_Shipka,What does Kiernan Shipka do?,Kiernan Shipka works as a actor.
Kiernan_Shipka,Where was Kiernan Shipka born?,Kiernan Shipka was born in Chicago.
Vanessa_Marano,When was Vanessa Marano born?,Vanessa Marano was born in 1992.
Vanessa_Marano,What does Vanessa Marano do?,Vanessa Marano works as a actor.
Vanessa_Marano,Where was Vanessa Marano born?,Vanessa Marano was born in Los Angeles.
Margaret_Qualley,When was Margaret Qualley born?,Margaret Qualley was born in 1994.
Margaret_Qualley,What does Margaret Qualley do?,Margaret Qualley works as a actor.
Margaret_Qualley,Where was Margaret Qualley born?,"Margaret Qualley was born in Kalispell, Montana."
Karen_Fukuhara,When was Karen Fukuhara born?,Karen Fukuhara was born in 1992.
Karen_Fukuhara,What does Karen Fukuhara do?,Karen Fukuhara works as a actor.
Karen_Fukuhara,Where was Karen Fukuhara born?,Karen Fukuhara was born in Los Angeles.
Normani,When was Normani born?,Normani was born in 1996.
Normani,What does Normani do?,Normani works as a singer.
Normani,Where was Normani born?,Normani was born in Atlanta.
Katherine_McNamara,When was Katherine McNamara born?,Katherine McNamara was born in 1995.
Katherine_McNamara,What does Katherine McNamara do?,Katherine McNamara works as a actor.
Katherine_McNamara,Where was Katherine McNamara born?,"Katherine McNamara was born in Kansas City, Missouri."
Bridgit_Mendler,When was Bridgit Mendler born?,Bridgit Mendler was born in 1992.
Bridgit_Mendler,What does Bridgit Mendler do?,Bridgit Mendler works as a actor.
Bridgit_Mendler,Where was Bridgit Mendler born?,"Bridgit Mendler was born in Washington, D.C.."
Hailey_Baldwin,When was Hailey Baldwin born?,Hailey Baldwin was born in 1996.
Hailey_Baldwin,What does Hailey Baldwin do?,Hailey Baldwin works as a model.
Hailey_Baldwin,Where was Hailey Baldwin born?,"Hailey Baldwin was born in Tucson, Arizona."
Sadie_Sink,When was Sadie Sink born?,Sadie Sink was born in 2002.
Sadie_Sink,What does Sadie Sink do?,Sadie Sink works as a actor.
Sadie_Sink,Where was Sadie Sink born?,"Sadie Sink was born in Brenham, Texas."
Grace_VanderWaal,When was Grace VanderWaal born?,Grace VanderWaal was born in 2004.
Grace_VanderWaal,What does Grace VanderWaal do?,Grace VanderWaal works as a musician.
Grace_VanderWaal,Where was Grace VanderWaal born?,"Grace VanderWaal was born in Lenexa, Kansas."
Willow_Smith,When was Willow Smith born?,Willow Smith was born in 2000.
Willow_Smith,What does Willow Smith do?,Willow Smith works as a singer.
Willow_Smith,Where was Willow Smith born?,Willow Smith was born in Los Angeles.
Elizabeth_Lail,When was Elizabeth Lail born?,Elizabeth Lail was born in 1992.
Elizabeth_Lail,What does Elizabeth Lail do?,Elizabeth Lail works as a actor.
Elizabeth_Lail,Where was Elizabeth Lail born?,"Elizabeth Lail was born in Williamson County, Texas."
Alexa_Bliss,When was Alexa Bliss born?,Alexa Bliss was born in 1991.
Alexa_Bliss,What does Alexa Bliss do?,Alexa Bliss works as a wrestler.
Alexa_Bliss,Where was Alexa Bliss born?,"Alexa Bliss was born in Columbus, Ohio."
Chloe_Bennet,When was Chloe Bennet born?,Chloe Bennet was born in 1992.
Chloe_Bennet,What does Chloe Bennet do?,Chloe Bennet works as a actor.
Chloe_Bennet,Where was Chloe Bennet born?,Chloe Bennet was born in Chicago.
Danielle_Campbell,When was Danielle Campbell born?,Danielle Campbell was born in 1995.
Danielle_Campbell,What does Danielle Campbell do?,Danielle Campbell works as a actor.
Danielle_Campbell,Where was Danielle Campbell born?,"Danielle Campbell was born in Hinsdale, Illinois."
Ariel_Winter,When was Ariel Winter born?,Ariel Winter was born in 1998.
Ariel_Winter,What does Ariel Winter do?,Ariel Winter works as a actor.
Ariel_Winter,Where was Ariel Winter born?,"Ariel Winter was born in Fairfax, Virginia."
Laura_Marano,When was Laura Marano born?,Laura Marano was born in 1995.
Laura_Marano,What does Laura Marano do?,Laura Marano works as a actor.
Laura_Marano,Where was Laura Marano born?,Laura Marano was born in Los Angeles.
Bhad_Bhabie,When was Bhad Bhabie born?,Bhad Bhabie was born in 2003.
Bhad_Bhabie,What does Bhad Bhabie do?,Bhad Bhabie works as a singer.
Bhad_Bhabie,Where was Bhad Bhabie born?,"Bhad Bhabie was born in Boynton Beach, Florida."
Sophia_Lillis,When was Sophia Lillis born?,Sophia Lillis was born in 2002.
Sophia_Lillis,What does Sophia Lillis do?,Sophia Lillis works as a actor.
Sophia_Lillis,Where was Sophia Lillis born?,Sophia Lillis was born in Brooklyn.
Meghan_Trainor,When was Meghan Trainor born?,Meghan Trainor was born in 1993.
Meghan_Trainor,What does Meghan Trainor do?,Meghan Trainor works as a musician.
Meghan_Trainor,Where was Meghan Trainor born?,Meghan Trainor was born in Nantucket.
Alyson_Stoner,When was Alyson Stoner born?,Alyson Stoner was born in 1993.
Alyson_Stoner,What does Alyson Stoner do?,Alyson Stoner works as a actor.
Alyson_Stoner,Where was Alyson Stoner born?,"Alyson Stoner was born in Toledo, Ohio."
Megan_Thee_Stallion,When was Megan Thee Stallion born?,Megan Thee Stallion was born in 1995.
Megan_Thee_Stallion,What does Megan Thee Stallion do?,Megan Thee Stallion works as a singer.
Megan_Thee_Stallion,Where was Megan Thee Stallion born?,"Megan Thee Stallion was born in Bexar County, Texas."
Zoey_Deutch,When was Zoey Deutch born?,Zoey Deutch was born in 1994.
Zoey_Deutch,What does Zoey Deutch do?,Zoey Deutch works as a actor.
Zoey_Deutch,Where was Zoey Deutch born?,Zoey Deutch was born in Los Angeles.
Joe_Keery,When was Joe Keery born?,Joe Keery was born in 1992.
Joe_Keery,What does Joe Keery do?,Joe Keery works as a actor.
Joe_Keery,Where was Joe Keery born?,"Joe Keery was born in Newburyport, Massachusetts."
Maya_Hawke,When was Maya Hawke born?,Maya Hawke was born in 1998.
Maya_Hawke,What does Maya Hawke do?,Maya Hawke works as a actor.
Maya_Hawke,Where was Maya Hawke born?,Maya Hawke was born in New York City.
Doja_Cat,When was Doja Cat born?,Doja Cat was born in 1995.
Doja_Cat,What does Doja Cat do?,Doja Cat works as a singer.
Doja_Cat,Where was Doja Cat born?,Doja Cat was born in Los Angeles.
Kathryn_Newton,When was Kathryn Newton born?,Kathryn Newton was born in 1997.
Kathryn_Newton,What does Kathryn Newton do?,Kathryn Newton works as a actor.
Kathryn_Newton,Where was Kathryn Newton born?,"Kathryn Newton was born in Orlando, Florida."
Lauren_Jauregui,When was Lauren Jauregui born?,Lauren Jauregui was born in 1996.
Lauren_Jauregui,What does Lauren Jauregui do?,Lauren Jauregui works as a singer.
Lauren_Jauregui,Where was Lauren Jauregui born?,Lauren Jauregui was born in Miami.
Paris_Jackson,When was Paris Jackson born?,Paris Jackson was born in 1998.
Paris_Jackson,What does Paris Jackson do?,Paris Jackson works as a actor.
Paris_Jackson,Where was Paris Jackson born?,"Paris Jackson was born in Beverly Hills, California."
Madison_Beer,When was Madison Beer born?,Madison Beer was born in 1999.
Madison_Beer,What does Madison Beer do?,Madison Beer works as a singer.
Madison_Beer,Where was Madison Beer born?,"Madison Beer was born in Jericho, New York."
Sasha_Banks,When was Sasha Banks born?,Sasha Banks was born in 1992.
Sasha_Banks,What does Sasha Banks do?,Sasha Banks works as a wrestler.
Sasha_Banks,Where was Sasha Banks born?,"Sasha Banks was born in Fairfield, California."
Malese_Jow,When was Malese Jow born?,Malese Jow was born in 1991.
Malese_Jow,What does Malese Jow do?,Malese Jow works as a actor.
Malese_Jow,Where was Malese Jow born?,"Malese Jow was born in Tulsa, Oklahoma."
Camren_Bicondova,When was Camren Bicondova born?,Camren Bicondova was born in 1999.
Camren_Bicondova,What does Camren Bicondova do?,Camren Bicondova works as a actor.
Camren_Bicondova,Where was Camren Bicondova born?,Camren Bicondova was born in San Diego.
Eden_Sher,When was Eden Sher born?,Eden Sher was born in 1991.
Eden_Sher,What does Eden Sher do?,Eden Sher works as a actor.
Eden_Sher,Where was Eden Sher born?,Eden Sher was born in Los Angeles.
Noah_Cyrus,When was Noah Cyrus born?,Noah Cyrus was born in 2000.
Noah_Cyrus,What does Noah Cyrus do?,Noah Cyrus works as a actor.
Noah_Cyrus,Where was Noah Cyrus born?,"Noah Cyrus was born in Nashville, Tennessee."
Amber_Liu_(singer),When was Amber Liu born?,Amber Liu was born in 1992.
Amber_Liu_(singer),What does Amber Liu do?,Amber Liu works as a singer.
Amber_Liu_(singer),Where was Amber Liu born?,Amber Liu was born in Los Angeles.
Ciara_Bravo,When was Ciara Bravo born?,Ciara Bravo was born in 1997.
Ciara_Bravo,What does Ciara Bravo do?,Ciara Bravo works as a actor.
Ciara_Bravo,Where was Ciara Bravo born?,"Ciara Bravo was born in Alexandria, Kentucky."
Isabela_Moner,When was Isabela Moner born?,Isabela Moner was born in 2001.
Isabela_Moner,What does Isabela Moner do?,Isabela Moner works as a actor.
Isabela_Moner,Where was Isabela Moner born?,Isabela Moner was born in Cleveland.
Nicole_Jung,When was Nicole Jung born?,Nicole Jung was born in 1991.
Nicole_Jung,What does Nicole Jung do?,Nicole Jung works as a singer.
Nicole_Jung,Where was Nicole Jung born?,Nicole Jung was born in Los Angeles.
Willa_Fitzgerald,When was Willa Fitzgerald born?,Willa Fitzgerald was born in 1991.
Willa_Fitzgerald,What does Willa Fitzgerald do?,Willa Fitzgerald works as a actor.
Willa_Fitzgerald,Where was Willa Fitzgerald born?,"Willa Fitzgerald was born in Nashville, Tennessee."
Karlie_Kloss,When was Karlie Kloss born?,Karlie Kloss was born in 1992.
Karlie_Kloss,What does Karlie Kloss do?,Karlie Kloss works as a model.
Karlie_Kloss,Where was Karlie Kloss born?,Karlie Kloss was born in Chicago.
Alexandra_Shipp,When was Alexandra Shipp born?,Alexandra Shipp was born in 1991.
Alexandra_Shipp,What does Alexandra Shipp do?,Alexandra Shipp works as a actor.
Alexandra_Shipp,Where was Alexandra Shipp born?,"Alexandra Shipp was born in Phoenix, Arizona."
Jaeden_Martell,When was Jaeden Martell born?,Jaeden Martell was born in 2003.
Jaeden_Martell,What does Jaeden Martell do?,Jaeden Martell works as a actor.
Jaeden_Martell,Where was Jaeden Martell born?,Jaeden Martell was born in Philadelphia.
Caleb_McLaughlin,When was Caleb McLaughlin born?,Caleb McLaughlin was born in 2001.
Caleb_McLaughlin,What does Caleb McLaughlin do?,Caleb McLaughlin works as a actor.
Caleb_McLaughlin,Where was Caleb McLaughlin born?,"Caleb McLaughlin was born in Carmel, New York."
Olivia_Culpo,When was Olivia Culpo born?,Olivia Culpo was born in 1992.
Olivia_Culpo,What does Olivia Culpo do?,Olivia Culpo works as a celebrity.
Olivia_Culpo,Where was Olivia Culpo born?,"Olivia Culpo was born in Cranston, Rhode Island."
Liza_Koshy,When was Liza Koshy born?,Liza Koshy was born in 1996.
Liza_Koshy,What does Liza Koshy do?,Liza Koshy works as a youtuber.
Liza_Koshy,Where was Liza Koshy born?,Liza Koshy was born in Houston.
Tori_Kelly,When was Tori Kelly born?,Tori Kelly was born in 1992.
Tori_Kelly,What does Tori Kelly do?,Tori Kelly works as a singer.
Tori_Kelly,Where was Tori Kelly born?,"Tori Kelly was born in Wildomar, California."
Jennifer_Stone,When was Jennifer Stone born?,Jennifer Stone was born in 1993.
Jennifer_Stone,What does Jennifer Stone do?,Jennifer Stone works as a actor.
Jennifer_Stone,Where was Jennifer Stone born?,"Jennifer Stone was born in Arlington, Texas."
Erin_Sanders,When was Erin Sanders born?,Erin Sanders was born in 1991.
Erin_Sanders,What does Erin Sanders do?,Erin Sanders works as a actor.
Erin_Sanders,Where was Erin Sanders born?,"Erin Sanders was born in Santa Monica, California."
Willow_Shields,When was Willow Shields born?,Willow Shields was born in 2000.
Willow_Shields,What does Willow Shields do?,Willow Shields works as a actor.
Willow_Shields,Where was Willow Shields born?,"Willow Shields was born in Albuquerque, New Mexico."
India_Eisley,When was India Eisley born?,India Eisley was born in 1993.
India_Eisley,What does India Eisley do?,India Eisley works as a actor.
India_Eisley,Where was India Eisley born?,India Eisley was born in Los Angeles.
Bailee_Madison,When was Bailee Madison born?,Bailee Madison was born in 1999.
Bailee_Madison,What does Bailee Madison do?,Bailee Madison works as a actor.
Bailee_Madison,Where was Bailee Madison born?,"Bailee Madison was born in Fort Lauderdale, Florida."
Frances_Bean_Cobain,When was Frances Bean Cobain born?,Frances Bean Cobain was born in 1992.
Frances_Bean_Cobain,What does Frances Bean Cobain do?,Frances Bean Cobain works as a journalist.
Frances_Bean_Cobain,Where was Frances Bean Cobain born?,Frances Bean Cobain was born in Los Angeles.
China_Anne_McClain,When was China Anne McClain born?,China Anne McClain was born in 1998.
China_Anne_McClain,What does China Anne McClain do?,China Anne McClain works as a actor.
China_Anne_McClain,Where was China Anne McClain born?,"China Anne McClain was born in Decatur, Georgia."
Julia_Garner,When was Julia Garner born?,Julia Garner was born in 1994.
Julia_Garner,What does Julia Garner do?,Julia Garner works as a actor.
Julia_Garner,Where was Julia Garner born?,Julia Garner was born in The Bronx.
Kristine_Froseth,When was Kristine Froseth born?,Kristine Froseth was born in 1996.
Kristine_Froseth,What does Kristine Froseth do?,Kristine Froseth works as a actor.
Kristine_Froseth,Where was Kristine Froseth born?,Kristine Froseth was born in New Jersey.
Alexa_Nikolas,When was Alexa Nikolas born?,Alexa Nikolas was born in 1992.
Alexa_Nikolas,What does Alexa Nikolas do?,Alexa Nikolas works as a actor.
Alexa_Nikolas,Where was Alexa Nikolas born?,Alexa Nikolas was born in Chicago.
Lil_Uzi_Vert,When was Lil Uzi Vert born?,Lil Uzi Vert was born in 1994.
Lil_Uzi_Vert,What does Lil Uzi Vert do?,Lil Uzi Vert works as a singer.
Lil_Uzi_Vert,Where was Lil Uzi Vert born?,Lil Uzi Vert was born in Philadelphia.
Mckenna_Grace,When was Mckenna Grace born?,Mckenna Grace was born in 2006.
Mckenna_Grace,What does Mckenna Grace do?,Mckenna Grace works as a actor.
Mckenna_Grace,Where was Mckenna Grace born?,"Mckenna Grace was born in Grapevine, Texas."
Erin_Moriarty_(actress),When was Erin Moriarty born?,Erin Moriarty was born in 1994.
Erin_Moriarty_(actress),What does Erin Moriarty do?,Erin Moriarty works as a actor.
Erin_Moriarty_(actress),Where was Erin Moriarty born?,Erin Moriarty was born in New York City.
Spencer_Locke,When was Spencer Locke born?,Spencer Locke was born in 1991.
Spencer_Locke,What does Spencer Locke do?,Spencer Locke works as a actor.
Spencer_Locke,Where was Spencer Locke born?,"Spencer Locke was born in Winter Park, Florida."
Tony_Revolori,When was Tony Revolori born?,Tony Revolori was born in 1996.
Tony_Revolori,What does Tony Revolori do?,Tony Revolori works as a actor.
Tony_Revolori,Where was Tony Revolori born?,"Tony Revolori was born in Anaheim, California."
Keke_Palmer,When was Keke Palmer born?,Keke Palmer was born in 1993.
Keke_Palmer,What does Keke Palmer do?,Keke Palmer works as a actor.
Keke_Palmer,Where was Keke Palmer born?,"Keke Palmer was born in Harvey, Illinois."
Ashley_Rickards,When was Ashley Rickards born?,Ashley Rickards was born in 1992.
Ashley_Rickards,What does Ashley Rickards do?,Ashley Rickards works as a actor.
Ashley_Rickards,Where was Ashley Rickards born?,"Ashley Rickards was born in Sarasota, Florida."
Madeline_Carroll,When was Madeline Carroll born?,Madeline Carroll was born in 1996.
Madeline_Carroll,What does Madeline Carroll do?,Madeline Carroll works as a actor.
Madeline_Carroll,Where was Madeline Carroll born?,Madeline Carroll was born in Los Angeles.
Jasmine_Tookes,When was Jasmine Tookes born?,Jasmine Tookes was born in 1991.
Jasmine_Tookes,What does Jasmine Tookes do?,Jasmine Tookes works as a model.
Jasmine_Tookes,Where was Jasmine Tookes born?,"Jasmine Tookes was born in Huntington Beach, California."
Stefanie_Scott,When was Stefanie Scott born?,Stefanie Scott was born in 1996.
Stefanie_Scott,What does Stefanie Scott do?,Stefanie Scott works as a actor.
Stefanie_Scott,Where was Stefanie Scott born?,Stefanie Scott was born in Chicago.
Azealia_Banks,When was Azealia Banks born?,Azealia Banks was born in 1991.
Azealia_Banks,What does Azealia Banks do?,Azealia Banks works as a actor.
Azealia_Banks,Where was Azealia Banks born?,Azealia Banks was born in New York City.
Asher_Angel,When was Asher Angel born?,Asher Angel was born in 2002.
Asher_Angel,What does Asher Angel do?,Asher Angel works as a actor.
Asher_Angel,Where was Asher Angel born?,"Asher Angel was born in Phoenix, Arizona."
Chloe_Bridges,When was Chloe Bridges born?,Chloe Bridges was born in 1991.
Chloe_Bridges,What does Chloe Bridges do?,Chloe Bridges works as a actor.
Chloe_Bridges,Where was Chloe Bridges born?,"Chloe Bridges was born in Houma, Louisiana."
Gabby_Douglas,When was Gabby Douglas born?,Gabby Douglas was born in 1995.
Gabby_Douglas,What does Gabby Douglas do?,Gabby Douglas works as a gymnast.
Gabby_Douglas,Where was Gabby Douglas born?,"Gabby Douglas was born in Newport News, Virginia."
Katie_Ledecky,When was Katie Ledecky born?,Katie Ledecky was born in 1997.
Katie_Ledecky,What does Katie Ledecky do?,Katie Ledecky works as a swimmer.
Katie_Ledecky,Where was Katie Ledecky born?,"Katie Ledecky was born in Washington, D.C.."
Julia_Michaels,When was Julia Michaels born?,Julia Michaels was born in 1993.
Julia_Michaels,What does Julia Michaels do?,Julia Michaels works as a singer.
Julia_Michaels,Where was Julia Michaels born?,"Julia Michaels was born in Davenport, Iowa."
Ryan_Newman_(actress),When was Ryan Newman born?,Ryan Newman was born in 1998.
Ryan_Newman_(actress),What does Ryan Newman do?,Ryan Newman works as a actor.
Ryan_Newman_(actress),Where was Ryan Newman born?,"Ryan Newman was born in Manhattan Beach, California."
Kaitlyn_Dever,When was Kaitlyn Dever born?,Kaitlyn Dever was born in 1996.
Kaitlyn_Dever,What does Kaitlyn Dever do?,Kaitlyn Dever works as a actor.
Kaitlyn_Dever,Where was Kaitlyn Dever born?,"Kaitlyn Dever was born in Phoenix, Arizona."
Rowan_Blanchard,When was Rowan Blanchard born?,Rowan Blanchard was born in 2001.
Rowan_Blanchard,What does Rowan Blanchard do?,Rowan Blanchard works as a actor.
Rowan_Blanchard,Where was Rowan Blanchard born?,Rowan Blanchard was born in Los Angeles.
Sky_Ferreira,When was Sky Ferreira born?,Sky Ferreira was born in 1992.
Sky_Ferreira,What does Sky Ferreira do?,Sky Ferreira works as a singer.
Sky_Ferreira,Where was Sky Ferreira born?,Sky Ferreira was born in Los Angeles.
Rebecca_Black,When was Rebecca Black born?,Rebecca Black was born in 1997.
Rebecca_Black,What does Rebecca Black do?,Rebecca Black works as a singer.
Rebecca_Black,Where was Rebecca Black born?,"Rebecca Black was born in Irvine, California."
Jolene_Marie_Rotinsulu,When was Jolene Marie Rotinsulu born?,Jolene Marie Rotinsulu was born in 1996.
Jolene_Marie_Rotinsulu,What does Jolene Marie Rotinsulu do?,Jolene Marie Rotinsulu works as a model.
Jolene_Marie_Rotinsulu,Where was Jolene Marie Rotinsulu born?,"Jolene Marie Rotinsulu was born in Santa Ana, California."
Bianca_Ryan,When was Bianca Ryan born?,Bianca Ryan was born in 1994.
Bianca_Ryan,What does Bianca Ryan do?,Bianca Ryan works as a actor.
Bianca_Ryan,Where was Bianca Ryan born?,"Bianca Ryan was born in Ocean City, New Jersey."
Quavo,When was Quavo born?,Quavo was born in 1991.
Quavo,What does Quavo do?,Quavo works as a singer.
Quavo,Where was Quavo born?,"Quavo was born in Athens, Georgia."
Kaia_Gerber,When was Kaia Gerber born?,Kaia Gerber was born in 2001.
Kaia_Gerber,What does Kaia Gerber do?,Kaia Gerber works as a model.
Kaia_Gerber,Where was Kaia Gerber born?,Kaia Gerber was born in Los Angeles.
Makenzie_Vega,When was Makenzie Vega born?,Makenzie Vega was born in 1994.
Makenzie_Vega,What does Makenzie Vega do?,Makenzie Vega works as a actor.
Makenzie_Vega,Where was Makenzie Vega born?,Makenzie Vega was born in Los Angeles.
Alexis_Jordan,When was Alexis Jordan born?,Alexis Jordan was born in 1992.
Alexis_Jordan,What does Alexis Jordan do?,Alexis Jordan works as a singer.
Alexis_Jordan,Where was Alexis Jordan born?,"Alexis Jordan was born in Columbia, South Carolina."
Liv_Morgan,When was Liv Morgan born?,Liv Morgan was born in 1994.
Liv_Morgan,What does Liv Morgan do?,Liv Morgan works as a wrestler.
Liv_Morgan,Where was Liv Morgan born?,"Liv Morgan was born in Paramus, New Jersey."
Sydney_Sweeney,When was Sydney Sweeney born?,Sydney Sweeney was born in 1997.
Sydney_Sweeney,What does Sydney Sweeney do?,Sydney Sweeney works as a actor.
Sydney_Sweeney,Where was Sydney Sweeney born?,"Sydney Sweeney was born in Spokane, Washington."
Kelsey_Chow,When was Kelsey Chow born?,Kelsey Chow was born in 1991.
Kelsey_Chow,What does Kelsey Chow do?,Kelsey Chow works as a actor.
Kelsey_Chow,Where was Kelsey Chow born?,"Kelsey Chow was born in Columbia, South Carolina."
McKayla_Maroney,When was McKayla Maroney born?,McKayla Maroney was born in 1995.
McKayla_Maroney,What does McKayla Maroney do?,McKayla Maroney works as a gymnast.
McKayla_Maroney,Where was McKayla Maroney born?,"McKayla Maroney was born in Aliso Viejo, California."
Tinashe,When was Tinashe born?,Tinashe was born in 1993.
Tinashe,What does Tinashe do?,Tinashe works as a actor.
Tinashe,Where was Tinashe born?,"Tinashe was born in Lexington, Kentucky."
Seychelle_Gabriel,When was Seychelle Gabriel born?,Seychelle Gabriel was born in 1991.
Seychelle_Gabriel,What does Seychelle Gabriel do?,Seychelle Gabriel works as a actor.
Seychelle_Gabriel,Where was Seychelle Gabriel born?,"Seychelle Gabriel was born in Burbank, California."
Jenna_Ortega,When was Jenna Ortega born?,Jenna Ortega was born in 2002.
Jenna_Ortega,What does Jenna Ortega do?,Jenna Ortega works as a actor.
Jenna_Ortega,Where was Jenna Ortega born?,Jenna Ortega was born in Coachella Valley.
Lizzy_Greene,When was Lizzy Greene born?,Lizzy Greene was born in 2003.
Lizzy_Greene,What does Lizzy Greene do?,Lizzy Greene works as a actor.
Lizzy_Greene,Where was Lizzy Greene born?,Lizzy Greene was born in Dallas.
O'Shea_Jackson_Jr.,When was O'Shea Jackson Jr. born?,O'Shea Jackson Jr. was born in 1991.
O'Shea_Jackson_Jr.,What does O'Shea Jackson Jr. do?,O'Shea Jackson Jr. works as a actor.
O'Shea_Jackson_Jr.,Where was O'Shea Jackson Jr. born?,O'Shea Jackson Jr. was born in Los Angeles.
Quvenzhané_Wallis,When was Quvenzhané Wallis born?,Quvenzhané Wallis was born in 2003.
Quvenzhané_Wallis,What does Quvenzhané Wallis do?,Quvenzhané Wallis works as a actor.
Quvenzhané_Wallis,Where was Quvenzhané Wallis born?,"Quvenzhané Wallis was born in Houma, Louisiana."
Caroline_Sunshine,When was Caroline Sunshine born?,Caroline Sunshine was born in 1995.
Caroline_Sunshine,What does Caroline Sunshine do?,Caroline Sunshine works as a actor.
Caroline_Sunshine,Where was Caroline Sunshine born?,Caroline Sunshine was born in Atlanta.
Missy_Franklin,When was Missy Franklin born?,Missy Franklin was born in 1995.
Missy_Franklin,What does Missy Franklin do?,Missy Franklin works as a swimmer.
Missy_Franklin,Where was Missy Franklin born?,"Missy Franklin was born in Pasadena, California."
Kiersey_Clemons,When was Kiersey Clemons born?,Kiersey Clemons was born in 1993.
Kiersey_Clemons,What does Kiersey Clemons do?,Kiersey Clemons works as a actor.
Kiersey_Clemons,Where was Kiersey Clemons born?,"Kiersey Clemons was born in Pensacola, Florida."
"Princess_Leonore,_Duchess_of_Gotland","When was Princess Leonore, Duchess of Gotland born?","Princess Leonore, Duchess of Gotland was born in 2014."
"Princess_Leonore,_Duchess_of_Gotland","What does Princess Leonore, Duchess of Gotland do?","Princess Leonore, Duchess of Gotland works as a nobleman."
"Princess_Leonore,_Duchess_of_Gotland","Where was Princess Leonore, Duchess of Gotland born?","Princess Leonore, Duchess of Gotland was born in New York City."
Daya_(singer),When was Daya born?,Daya was born in 1998.
Daya_(singer),What does Daya do?,Daya works as a singer.
Daya_(singer),Where was Daya born?,Daya was born in Pittsburgh.
Beanie_Feldstein,When was Beanie Feldstein born?,Beanie Feldstein was born in 1993.
Beanie_Feldstein,What does Beanie Feldstein do?,Beanie Feldstein works as a actor.
Beanie_Feldstein,Where was Beanie Feldstein born?,Beanie Feldstein was born in Los Angeles.
Kelli_Berglund,When was Kelli Berglund born?,Kelli Berglund was born in 1996.
Kelli_Berglund,What does Kelli Berglund do?,Kelli Berglund works as a actor.
Kelli_Berglund,Where was Kelli Berglund born?,"Kelli Berglund was born in Moorpark, California."
Madison_De_La_Garza,When was Madison De La Garza born?,Madison De La Garza was born in 2001.
Madison_De_La_Garza,What does Madison De La Garza do?,Madison De La Garza works as a actor.
Madison_De_La_Garza,Where was Madison De La Garza born?,Madison De La Garza was born in Dallas.
Mackenzie_Ziegler,When was Mackenzie Ziegler born?,Mackenzie Ziegler was born in 2004.
Mackenzie_Ziegler,What does Mackenzie Ziegler do?,Mackenzie Ziegler works as a actor.
Mackenzie_Ziegler,Where was Mackenzie Ziegler born?,Mackenzie Ziegler was born in Pittsburgh.
Madilyn_Bailey,When was Madilyn Bailey born?,Madilyn Bailey was born in 1992.
Madilyn_Bailey,What does Madilyn Bailey do?,Madilyn Bailey works as a singer.
Madilyn_Bailey,Where was Madilyn Bailey born?,"Madilyn Bailey was born in Boyceville, Wisconsin."
Katie_Stevens,When was Katie Stevens born?,Katie Stevens was born in 1992.
Katie_Stevens,What does Katie Stevens do?,Katie Stevens works as a actor.
Katie_Stevens,Where was Katie Stevens born?,"Katie Stevens was born in Southbury, Connecticut."
Yuka_Momiki,When was Yuka Momiki born?,Yuka Momiki was born in 1996.
Yuka_Momiki,What does Yuka Momiki do?,Yuka Momiki works as a soccer player.
Yuka_Momiki,Where was Yuka Momiki born?,Yuka Momiki was born in New York City.
Ruby_Riott,When was Ruby Riott born?,Ruby Riott was born in 1991.
Ruby_Riott,What does Ruby Riott do?,Ruby Riott works as a wrestler.
Ruby_Riott,Where was Ruby Riott born?,"Ruby Riott was born in Edwardsburg, Michigan."
Bea_Miller,When was Bea Miller born?,Bea Miller was born in 1999.
Bea_Miller,What does Bea Miller do?,Bea Miller works as a singer.
Bea_Miller,Where was Bea Miller born?,Bea Miller was born in Manhattan.
Olivia_Olson,When was Olivia Olson born?,Olivia Olson was born in 1992.
Olivia_Olson,What does Olivia Olson do?,Olivia Olson works as a actor.
Olivia_Olson,Where was Olivia Olson born?,Olivia Olson was born in Los Angeles.
Jackie_Evancho,When was Jackie Evancho born?,Jackie Evancho was born in 2000.
Jackie_Evancho,What does Jackie Evancho do?,Jackie Evancho works as a singer.
Jackie_Evancho,Where was Jackie Evancho born?,Jackie Evancho was born in Pittsburgh.
Yara_Shahidi,When was Yara Shahidi born?,Yara Shahidi was born in 2000.
Yara_Shahidi,What does Yara Shahidi do?,Yara Shahidi works as a actor.
Yara_Shahidi,Where was Yara Shahidi born?,Yara Shahidi was born in Minneapolis.
Francesca_Capaldi,When was Francesca Capaldi born?,Francesca Capaldi was born in 2004.
Francesca_Capaldi,What does Francesca Capaldi do?,Francesca Capaldi works as a actor.
Francesca_Capaldi,Where was Francesca Capaldi born?,Francesca Capaldi was born in La Jolla.
Angel_Haze,When was Angel Haze born?,Angel Haze was born in 1991.
Angel_Haze,What does Angel Haze do?,Angel Haze works as a singer.
Angel_Haze,Where was Angel Haze born?,Angel Haze was born in Detroit.
Cierra_Ramirez,When was Cierra Ramirez born?,Cierra Ramirez was born in 1995.
Cierra_Ramirez,What does Cierra Ramirez do?,Cierra Ramirez works as a actor.
Cierra_Ramirez,Where was Cierra Ramirez born?,Cierra Ramirez was born in Houston.
Gracie_Gold,When was Gracie Gold born?,Gracie Gold was born in 1995.
Gracie_Gold,What does Gracie Gold do?,Gracie Gold works as a skater.
Gracie_Gold,Where was Gracie Gold born?,"Gracie Gold was born in Newton, Massachusetts."
Chloe_Kim,When was Chloe Kim born?,Chloe Kim was born in 2000.
Chloe_Kim,What does Chloe Kim do?,Chloe Kim works as a athlete.
Chloe_Kim,Where was Chloe Kim born?,"Chloe Kim was born in Long Beach, California."
Taylor_Spreitler,When was Taylor Spreitler born?,Taylor Spreitler was born in 1993.
Taylor_Spreitler,What does Taylor Spreitler do?,Taylor Spreitler works as a actor.
Taylor_Spreitler,Where was Taylor Spreitler born?,"Taylor Spreitler was born in Hattiesburg, Mississippi."
Raquel_Castro,When was Raquel Castro born?,Raquel Castro was born in 1994.
Raquel_Castro,What does Raquel Castro do?,Raquel Castro works as a actor.
Raquel_Castro,Where was Raquel Castro born?,Raquel Castro was born in New York City.
Jordyn_Wieber,When was Jordyn Wieber born?,Jordyn Wieber was born in 1995.
Jordyn_Wieber,What does Jordyn Wieber do?,Jordyn Wieber works as a gymnast.
Jordyn_Wieber,Where was Jordyn Wieber born?,"Jordyn Wieber was born in DeWitt, Michigan."
Allie_Grant,When was Allie Grant born?,Allie Grant was born in 1994.
Allie_Grant,What does Allie Grant do?,Allie Grant works as a actor.
Allie_Grant,Where was Allie Grant born?,"Allie Grant was born in Tupelo, Mississippi."
JoJo_Siwa,When was JoJo Siwa born?,JoJo Siwa was born in 2003.
JoJo_Siwa,What does JoJo Siwa do?,JoJo Siwa works as a youtuber.
JoJo_Siwa,Where was JoJo Siwa born?,"JoJo Siwa was born in Omaha, Nebraska."
Victoria_Monét,When was Victoria Monét born?,Victoria Monét was born in 1993.
Victoria_Monét,What does Victoria Monét do?,Victoria Monét works as a singer.
Victoria_Monét,Where was Victoria Monét born?,Victoria Monét was born in Georgia (U.S. state).
Liza_Soberano,When was Liza Soberano born?,Liza Soberano was born in 1998.
Liza_Soberano,What does Liza Soberano do?,Liza Soberano works as a actor.
Liza_Soberano,Where was Liza Soberano born?,"Liza Soberano was born in Santa Clara, California."
Melanie_Amaro,When was Melanie Amaro born?,Melanie Amaro was born in 1992.
Melanie_Amaro,What does Melanie Amaro do?,Melanie Amaro works as a singer.
Melanie_Amaro,Where was Melanie Amaro born?,"Melanie Amaro was born in Fort Lauderdale, Florida."
Kaitlyn_Maher,When was Kaitlyn Maher born?,Kaitlyn Maher was born in 2004.
Kaitlyn_Maher,What does Kaitlyn Maher do?,Kaitlyn Maher works as a actor.
Kaitlyn_Maher,Where was Kaitlyn Maher born?,Kaitlyn Maher was born in Michigan.
Allison_Iraheta,When was Allison Iraheta born?,Allison Iraheta was born in 1992.
Allison_Iraheta,What does Allison Iraheta do?,Allison Iraheta works as a singer.
Allison_Iraheta,Where was Allison Iraheta born?,"Allison Iraheta was born in Glendale, California."
Laurie_Hernandez,When was Laurie Hernandez born?,Laurie Hernandez was born in 2000.
Laurie_Hernandez,What does Laurie Hernandez do?,Laurie Hernandez works as a gymnast.
Laurie_Hernandez,Where was Laurie Hernandez born?,"Laurie Hernandez was born in Old Bridge Township, New Jersey."
Carly_Rose_Sonenclar,When was Carly Rose Sonenclar born?,Carly Rose Sonenclar was born in 1999.
Carly_Rose_Sonenclar,What does Carly Rose Sonenclar do?,Carly Rose Sonenclar works as a singer.
Carly_Rose_Sonenclar,Where was Carly Rose Sonenclar born?,Carly Rose Sonenclar was born in New York City.
Lauren_Alaina,When was Lauren Alaina born?,Lauren Alaina was born in 1994.
Lauren_Alaina,What does Lauren Alaina do?,Lauren Alaina works as a singer.
Lauren_Alaina,Where was Lauren Alaina born?,"Lauren Alaina was born in Rossville, Georgia."
Isabella_Acres,When was Isabella Acres born?,Isabella Acres was born in 2001.
Isabella_Acres,What does Isabella Acres do?,Isabella Acres works as a actor.
Isabella_Acres,Where was Isabella Acres born?,Isabella Acres was born in Atlanta.
Karley_Scott_Collins,When was Karley Scott Collins born?,Karley Scott Collins was born in 1999.
Karley_Scott_Collins,What does Karley Scott Collins do?,Karley Scott Collins works as a actor.
Karley_Scott_Collins,Where was Karley Scott Collins born?,Karley Scott Collins was born in Florida.
Bridget_Sloan,When was Bridget Sloan born?,Bridget Sloan was born in 1992.
Bridget_Sloan,What does Bridget Sloan do?,Bridget Sloan works as a gymnast.
Bridget_Sloan,Where was Bridget Sloan born?,Bridget Sloan was born in Cincinnati.
Dee_Dee_Davis,When was Dee Dee Davis born?,Dee Dee Davis was born in 1996.
Dee_Dee_Davis,What does Dee Dee Davis do?,Dee Dee Davis works as a actor.
Dee_Dee_Davis,Where was Dee Dee Davis born?,"Dee Dee Davis was born in Culver City, California."
Charli_D'Amelio,When was Charli D'Amelio born?,Charli D'Amelio was born in 2004.
Charli_D'Amelio,What does Charli D'Amelio do?,Charli D'Amelio works as a youtuber.
Charli_D'Amelio,Where was Charli D'Amelio born?,"Charli D'Amelio was born in Norwalk, Connecticut."
